Project_name,project_by,location,Super Built Area,Price Range,Price Per Sq Ft,Description,Project Status,possession_date,Bedrooms,units,towers,unit_price,rera_no,lat_lng
"
Celebrity Natures Habitat
",Celebrity Structures India Pvt Ltd.,"
in Sarjapur-Attibele Road
, Bangalore

 
","1735
sqft","₹
72.5 Lac","₹
4,179 per
sqft","
Description:


Celebrity Nature Habitat Your home is the perfect setting to live out the story of your life .A story, that inspires others and indulge your near and dear ones with the Rays Of Happines. Celebrity Nature's Habitat Fulfills  



",Ongoing,"
Ready To Move
","
3 BHK
Villa

",291 Units ,,"(3 BHK Villa->3388 sqft), (3 BHK Villa->3464 sqft), (3 BHK Villa->3369 sqft), (3 BHK Villa->3314 sqft), (3 BHK Villa->1735 sqft), (3 BHK Villa->1908 sqft), (3 BHK Villa->1756 sqft), (3 BHK Villa->1881 sqft), (3 BHK Villa->2246 sqft), (3 BHK Villa->2229 sqft) ",,"lat=12.817233,longt=77.79295"
"
GCN Brindavan
",GCN Group,"
in Whitefield
, Bangalore

 
","1045
sqft","₹
45.0 Lac","₹
4307 per
sqft","
Description:


More sunlight 3 side ventilation no noise disturbance complete privacy. 



",Ongoing,"
Ready To Move
","
2 BHK
Apartment

",136 Units ,3 Towers ,"(2 BHK Flat->1045 sqft), (3 BHK Flat->1225 sqft) ",,"lat=12.817233,longt=77.79295"
"
Panchmukhi Paradise
",Panchmukhi Infrastructure,"
in Rajarajeshwari Nagar
, Bangalore

 
","1150
sqft","₹
56.9 Lac","₹
4950 per
sqft","
Description:


It's a 3rd floor Multistorey Apartment in a building of total 9 floors. High quality flooring of types Vitrified are available in different rooms. OUR PROJECT IS APPROVED WITH STATE BANK OF INDIA , OUR PROJECT HAS A OPEN  



",Under Construction,"
Possession in 2018
","
2 BHK
Apartment

",162 Units ,3 Towers ,"(2 BHK Flat->1095 sqft), (2 BHK Flat->1100 sqft), (2 BHK Flat->1120 sqft), (2 BHK Flat->1150 sqft), (2 BHK Flat->1170 sqft), (2 BHK Flat->1205 sqft), (2 BHK Flat->1250 sqft), (3 BHK Flat->1425 sqft), (3 BHK Flat->1475 sqft), (3 BHK Flat->1515 sqft) ",,"lat=12.908906,longt=77.51243"
"
Saibya Senary
",Saibya Structures,"
in Hosa Road
, Bangalore

 
","1051
sqft","₹
33.6 Lac","₹
3198 per
sqft","
Description:


It's a 2 bedroom Flat with an adjoining hall. This Semi-Furnished flat has a covered area of 1051 Sq-ft & has 2 bathrooms. The flat has Vitrified flooring. The flat is approved by Development Authority. . 



",Under Construction,"
Ready To Move
","
2 BHK
Apartment

",175 Units ,6 Towers ,"(2 BHK Flat->996 sqft), (2 BHK Flat->997 sqft), (2 BHK Flat->999 sqft), (2 BHK Flat->1000 sqft), (2 BHK Flat->1001 sqft), (2 BHK Flat->1003 sqft), (2 BHK Flat->1012 sqft), (2 BHK Flat->1023 sqft), (2 BHK Flat->1038 sqft), (2 BHK Flat->1051 sqft), (2 BHK Flat->1060 sqft), (2 BHK Flat->1064 sqft), (2 BHK Flat->1088 sqft), (2 BHK Flat->1172 sqft), (2 BHK Flat->1206 sqft), (2 BHK Flat->1234 sqft), (2 BHK Flat->1374 sqft) ",,"lat=12.817233,longt=77.79295"
"
GR Heights
",SGR Buildtech Pvt Ltd.,"
in JP Nagar Phase 8
, Bangalore

 
","1330
sqft","₹
74.5 Lac","₹
5,600 per
sqft","
Description:


The apartment is in JP Nagar 8th Phase, Bangalore. It has proximity to major destinations of the city. The house has RCC frame structure, teak wood door frame with teak wood panel shutter with polishing & brass hardware, oil  



",Ongoing,"
Ready To Move
","
2 BHK
Apartment

",248 Units ,4 Towers ,"(2 BHK Flat->1298 sqft), (2 BHK Flat->1299 sqft), (2 BHK Flat->1330 sqft), (2 BHK Flat->1369 sqft), (2 BHK Flat->1415 sqft), (2 BHK Flat->1417 sqft), (2 BHK Flat->1420 sqft), (2 BHK Flat->1422 sqft), (2 BHK Flat->1497 sqft), (3 BHK Flat->1542 sqft), (3 BHK Flat->1705 sqft), (3 BHK Flat->1709 sqft), (3 BHK Flat->1827 sqft), (3 BHK Flat->1853 sqft) ",,"lat=12.817233,longt=77.79295"
"
Celebrity Square
",Celebrity Structures India Pvt Ltd.,"
in Sarjapur Road
, Bangalore

 
","1052
sqft",,,"
Description:


This is a spacious Flat in Celebrity Square, Sarjapur-Attibele Road. 31. 6 Lac is the value of the Flat. The well planned Flat offers latest facilities such as like Swimming Pool, Lift, Power Back Up, Security and Gym.  



",Ready To Move,"
Ready To Move
","
3 BHK
Apartment

",252 Units ,2 Towers ,"(3 BHK Flat->1052 sqft), (3 BHK Flat->1070 sqft), (3 BHK Flat->1092 sqft), (3 BHK Flat->1097 sqft), (3 BHK Flat->1112 sqft) ",,"lat=12.817233,longt=77.79295"
"
DS Max Sarovar
",DS Max Properties,"
in Attibele
, Bangalore

 
","782
sqft","₹
19.5 Lac","₹
2,494 per
sqft","
Description:


It is a well-designed Unit situated in DS Max Sarovar, Attibele. This fantastic Unit offers latest facilities such as like Swimming Pool, Lift, Power Back Up and Jogging and Strolling Track. 19. 5 Lac is the price of the  



",Ongoing,"
Ready To Move
","
1 BHK
Apartment

",392 Units ,1 Towers ,"(1 BHK Flat->782 sqft), (2 BHK Flat->995 sqft), (2 BHK Flat->1091 sqft), (2 BHK Flat->1174 sqft), (3 BHK Flat->1639 sqft) ",,"lat=12.817233,longt=77.79295"
"
Celebrity Serenity
",Celebrity Structures India Pvt Ltd.,"
in Electronic City
, Bangalore

 
","1741
sqft",,,"
Description:


Celebrity Serenity is an exclusive gated community of premium luxury duplex Villas coming to you at the cost of a flat. Surrounded by tranquility of nature and habituated Villa projects, developed by Celebrity Structures  



",Ready To Move,"
Ready To Move
","
3 BHK
Villa

",92 Units ,,"(3 BHK Villa->2074 sqft), (3 BHK Villa->2064 sqft), (3 BHK Villa->1741 sqft), (3 BHK Villa->1742 sqft) ",,"lat=12.817233,longt=77.79295"
"
GRC Brundavan
",GRC Group,"
in Mysore Road
, Bangalore

 
","1155
sqft","₹
75.1 Lac","₹
6,500 per
sqft","
Description:


2 BHK flat GRC Group proudly presents an addition to its legacy of high quality luxury homes. GRC Brundavan is not built on the solitary premise of housing but on a holistic approach of providing better living environments.  



",Ready To Move,"
Ready To Move
","
2 BHK
Apartment

",498 Units ,5 Towers ,"(2 BHK Flat->1090 sqft), (2 BHK Flat->1115 sqft), (2 BHK Flat->1150 sqft), (2 BHK Flat->1155 sqft), (2 BHK Flat->1205 sqft), (2 BHK Flat->1260 sqft), (2 BHK Flat->1280 sqft), (3 BHK Flat->1325 sqft), (3 BHK Flat->1380 sqft), (3 BHK Flat->1405 sqft), (3 BHK Flat->1425 sqft), (3 BHK Flat->1525 sqft), (3 BHK Flat->1540 sqft), (3 BHK Flat->1570 sqft) ",,"lat=12.817233,longt=77.79295"
"
Bollineni Silas
",BSCPL Infrastructure Ltd.,"
in Whitefield
, Bangalore

 
","1600
sqft","₹
71.8 Lac","₹
4486 per
sqft","
Description:


resenting, Bollineni Silas- an address that is an oasis of calm, bang in the middle of a bustling, concrete jungle called Whitefield. Your home will now serve as a perfect getaway after a tiring day at work, as Bollineni  



",Under Construction,"
Possession in 2018
","
3 BHK
Apartment

",499 Units ,10 Towers ,"(2 BHK Flat->1070 sqft), (2 BHK Flat->1085 sqft), (2 BHK Flat->1100 sqft), (2 BHK Flat->1390 sqft), (2 BHK Flat->1415 sqft), (3 BHK Flat->1600 sqft) ",,"lat=13.007085,longt=77.73972"
"
Sowparnika Columns
",Sowparnika Projects,"
in Whitefield
, Bangalore

 
","1235
sqft","₹
40.8 Lac","₹
3,300 per
sqft","
Description:


Sowparnika Columns fulfil your desire to move up the ladder and belong to the elite by providing you with homes that complements your aspirations. Prime location, the riches of indulging in luxury, the comfort of  



",Under Construction,"
Ready To Move
","
3 BHK
Apartment

",4 Towers ,,"(Studio Apartment->330 sqft), (1 BHK Flat->540 sqft), (1 BHK Flat->740 sqft), (2 BHK Flat->981 sqft), (2 BHK Flat->987 sqft), (2 BHK Flat->1013 sqft), (2 BHK Flat->1041 sqft), (2 BHK Flat->1050 sqft), (2 BHK Flat->1065 sqft), (2 BHK Flat->1078 sqft), (2 BHK Flat->1087 sqft), (2 BHK Flat->1101 sqft), (2 BHK Flat->1160 sqft), (3 BHK Flat->1235 sqft), (3 BHK Flat->1262 sqft), (3 BHK Flat->1272 sqft), (3 BHK Flat->1306 sqft), (3 BHK Flat->1386 sqft), (3 BHK Flat->1410 sqft) ",,"lat=12.817233,longt=77.79295"
"
Salarpuria Sattva Greenage
",Salarpuria Sattva Group,"
in Hosur Road
, Bangalore

 
","1590
sqft","₹
1.26 Cr","₹
7,925 per
sqft","
Description:


This property is located at Hosur Main Road, Bangalore, Karnataka. This property has well-equipped 2 Gymnasium, 2 Swimming pools. 



",Ongoing,"
Ready To Move
","
3 BHK
Apartment

",1676 Units ,10 Towers ,"(2 BHK Flat->1345 sqft), (3 BHK Flat->1590 sqft), (3 BHK Flat->1836 sqft), (3 BHK Flat->1872 sqft), (3 BHK Flat->1890 sqft), (4 BHK Flat->2800 sqft), (4 BHK Flat->2870 sqft) ",,"lat=12.817233,longt=77.79295"
"
Metropolis Fair Oaks
",Metropolis Properties Private Limited,"
in Sarjapur
, Bangalore

 
","2182
sqft","₹
82.0 Lac","₹
3,758 per
sqft","
Description:


It spans 2182 Sq-ft . This Unfurnished property can be customized according to the requirements. Additionally, there is/are Store Room. The Villa has Granite, Vitrified, Wooden flooring. It overlooks Main Road and faces  



",Under Construction,"
Ready To Move
","
4 BHK
Villa

",330 Units ,,"(3 BHK Villa->1765 sqft), (3 BHK Villa->1738 sqft), (4 BHK Villa->2172 sqft), (4 BHK Villa->2180 sqft), (4 BHK Villa->2182 sqft) ",,"lat=12.817233,longt=77.79295"
"
DS MAX Skycity
",DS MAX Properties,"
in Thanisandra
, Bangalore

 
","2674
sqft","₹
1.06 Cr","₹
4000 per
sqft","
Description:


Presenting the marvelous creation which will redefine the way we perceive style and comfort. DS-MAX Skycity (19 floors luxurious apartment) is a spect 



",Ongoing,"
Ready To Move
","
3 BHK
Apartment

",125 Units ,1 Towers ,"(3 BHK Flat->2019 sqft), (3 BHK Flat->2219 sqft), (3 BHK Flat->2674 sqft) ",,"lat=12.817233,longt=77.79295"
"
Sumadhura Essenza
",Sumadhura Infracon Private Limited,"
in Hosa Road Junction
, Bangalore

 
","1730
sqft","₹
88.2 Lac","₹
5099 per
sqft","
Description:


The amenities and facilities meet every requirement, tastes and preferences of the modern homebuyer. Hosur road is the space between Electronic City Flyover and Sarjapur Main Road. Its precise in the south-west of Bengaluru.  



",Ready To Move,"
Ready To Move
","
3 BHK
Apartment

",138 Units ,3 Towers ,"(2 BHK Flat->1340 sqft), (2 BHK Flat->1580 sqft), (3 BHK Flat->1730 sqft), (3 BHK Flat->2090 sqft) ",,"lat=12.817233,longt=77.79295"
"
Sumadhura LNR Lake Breeze
",Sumadhura Infracon Private Limited,"
in Whitefield
, Bangalore

 
","1560
sqft","₹
90.5 Lac","₹
5799 per
sqft","
Description:


Sumadhura Lake Breeze from the renowned Sumadhura Group is a collection of lavishly and thoughtfully-designed residences. It is one of the Ready to move projects of the group. The project is very well-connected to Old  



",Ready To Move,"
Possession in 2018
","
3 BHK
Apartment

",192 Units ,3 Towers ,"(2 BHK Flat->1260 sqft), (2 BHK Flat->1270 sqft), (2 BHK Flat->1290 sqft), (2 BHK Flat->1350 sqft), (2 BHK Flat->1370 sqft), (2 BHK Flat->1380 sqft), (2 BHK Flat->1395 sqft), (2 BHK Flat->1470 sqft), (3 BHK Flat->1560 sqft), (3 BHK Flat->1660 sqft), (3 BHK Flat->1910 sqft), (4 BHK Flat->2035 sqft), (4 BHK Flat->2045 sqft) ",,"lat=12.908906,longt=77.51243"
"
Terra Alegria
",M1 Homes,"
in Whitefield
, Bangalore

 
","1650
sqft","₹
74.0 Lac","₹
4484 per
sqft","
Description:


Terra Alegria, a Gated Luxury Villa Community project spread over 30 Acres, located in Whitefield East-end. This project is strategically located just off the NH4 and bang on NH 207, and offers excellent connectivity to IT  



",Under Construction,"
Possession in 2018
","
3 BHK
Villa

",103 Units ,,"(3 BHK Villa->1650 sqft), (3 BHK Villa->1787 sqft), (3 BHK Villa->1906 sqft), (3 BHK Villa->1877 sqft), (3 BHK Villa->1991 sqft), (3 BHK Villa->2461 sqft), (3 BHK Villa->2591 sqft), (3 BHK Villa->1836 sqft), (3 BHK Villa->1838 sqft), (3 BHK Villa->1800 sqft), (3 BHK Villa->1700 sqft), (3 BHK Villa->1924 sqft), (3 BHK Villa->1850 sqft), (3 BHK Villa->1990 sqft), (3 BHK Villa->2150 sqft), (4 BHK Villa->2330 sqft), (4 BHK Villa->2500 sqft) ",,"lat=13.007085,longt=77.73972"
"
Balaji Ashirvaad Elite
",Savitri Ashirvaad Buildtech Ltd.,"
in Bannerghatta Road
, Bangalore

 
","1410
sqft","₹
61.4 Lac","₹
4,353 per
sqft","
Description:


Balaji Ashirvaad Elite Apartments built at Gottigere, Bangalore. The floor plan of Balaji Ashirvaad Elite presents the most exciting and dynamic floor plans designed for a lavish lifestyle. The master plan of Balaji  



",Under Construction,"
Possession in 2018
","
3 BHK
Apartment

",160 Units ,2 Towers ,"(2 BHK Flat->1120 sqft), (2 BHK Flat->1125 sqft), (2 BHK Flat->1135 sqft), (2 BHK Flat->1140 sqft), (2 BHK Flat->1225 sqft), (2 BHK Flat->1245 sqft), (2 BHK Flat->1255 sqft), (2 BHK Flat->1260 sqft), (2 BHK Flat->1275 sqft), (2 BHK Flat->1300 sqft), (2 BHK Flat->1305 sqft), (3 BHK Flat->1295 sqft), (3 BHK Flat->1300 sqft), (3 BHK Flat->1410 sqft), (3 BHK Flat->1415 sqft), (3 BHK Flat->1430 sqft), (3 BHK Flat->1440 sqft), (3 BHK Flat->1455 sqft), (3 BHK Flat->1470 sqft), (3 BHK Flat->1510 sqft), (3 BHK Flat->1520 sqft), (3 BHK Flat->1525 sqft) ",,"lat=13.007085,longt=77.73972"
"
GR Sankalpa
",GR Constructions,"
in Sarjapur Road
, Bangalore

 
","1362
sqft","₹
64.7 Lac","₹
4,749 per
sqft","
Description:


GR Constructions proudly presents an addition to its legacy of high quality luxury homes. GRC Brundavan is not built on the solitary premise of housing alone, but on a holistic approach of providing better living environment  



",Ready To Move,"
Ready To Move
","
3 BHK
Apartment

",245 Units ,4 Towers ,"(2 BHK Flat->1180 sqft), (2 BHK Flat->1215 sqft), (2 BHK Flat->1222 sqft), (2 BHK Flat->1225 sqft), (2 BHK Flat->1235 sqft), (2 BHK Flat->1255 sqft), (3 BHK Flat->1362 sqft), (3 BHK Flat->1450 sqft), (3 BHK Flat->1465 sqft), (3 BHK Flat->1480 sqft) ",,"lat=12.817233,longt=77.79295"
"
Solaris
",Loharuka Group and Disha Group,"
in Bannerghatta Road
, Bangalore

 
","1204
sqft","₹
72.2 Lac","₹
6000 per
sqft","
Description:


SOLARIS an abode of unmatched lifestyle & luxury is an address of 365 Super Luxury homes thoughtfully spread over 24 storeys of its 4 blocks. SOLARIS glorifies the identity of the privileged few by renovating your story into  



",Under Construction,"
Possession in 2018
","
2 BHK
Apartment

",365 Units ,4 Towers ,"(2 BHK Flat->1090 sqft), (2 BHK Flat->1113 sqft), (2 BHK Flat->1190 sqft), (2 BHK Flat->1204 sqft), (2 BHK Flat->1228 sqft), (2 BHK Flat->1229 sqft), (3 BHK Flat->1525 sqft), (3 BHK Flat->1548 sqft), (3 BHK Flat->1550 sqft), (3 BHK Flat->1682 sqft), (3 BHK Flat->1689 sqft), (3 BHK Flat->1698 sqft), (3 BHK Flat->1720 sqft), (3 BHK Flat->1729 sqft) ",,"lat=13.007085,longt=77.73972"
"
Silicon Citi
",5 Elements Realty,"
in Whitefield
, Bangalore

 
","1195
sqft","₹
41.8 Lac","₹
3,498 per
sqft","
Description:


This is a beautiful Flat located in Silicon Citi, Whitefield. The Flat has state-of-the-art amenities like Swimming Pool, Power Back Up, Security, Gym and Park. 41. 8 Lac is the expected price of the Flat. Offering 2 bedroom  



",Ready To Move,"
Possession in 2018
","
2 BHK
Apartment

",116 Units ,4 Towers ,"(2 BHK Flat->1195 sqft), (2 BHK Flat->1215 sqft), (2 BHK Flat->1225 sqft), (2 BHK Flat->1235 sqft), (2 BHK Flat->1255 sqft), (2 BHK Flat->1515 sqft), (3 BHK Flat->1450 sqft), (3 BHK Flat->1555 sqft), (3 BHK Flat->1570 sqft) ",,"lat=13.007085,longt=77.73972"
"
Ahad Euphoria
",Ahad Builders Pvt. Ltd,"
in Sarjapur Road
, Bangalore

 
","1557
sqft","₹
78.7 Lac","₹
5,055 per
sqft","
Description:


This is a well apppointed spacious Flat in Ahad Euphoria, Sarjapur Road. The well ventilated Flat has modern amenities like Swimming Pool, Tennis Courts, Jogging and Strolling Track, Food Court and Club House. Offering 3  



",Ongoing,"
Possession in 2018
","
3 BHK
Apartment

",685 Units ,1 Towers ,"(1 BHK Flat->530 sqft), (3 BHK Flat->1378 sqft), (3 BHK Flat->1384 sqft), (3 BHK Flat->1406 sqft), (3 BHK Flat->1522 sqft), (3 BHK Flat->1525 sqft), (3 BHK Flat->1549 sqft), (3 BHK Flat->1557 sqft), (3 BHK Flat->1565 sqft), (4 BHK Flat->1862 sqft) ",,"lat=13.007085,longt=77.73972"
"
The Watergrove
",S2 Homes India Pvt Ltd,"
in Electronic City
, Bangalore

 
","1080
sqft","₹
39.8 Lac","₹
3,688 per
sqft","
Description:


Patios... extended living with rays of morning sun Green terraces.. define eco living Clubhouse, Swimming pool, Departmental Store, Yoga Terrace, Childrens Play Area, Health Club, Atm & more. Vastu Compliant One  



",Ongoing,"
Possession in 2018
","
2 BHK
Apartment

",98 Units ,4 Towers ,"(2 BHK Flat->1080 sqft), (2 BHK Flat->1112 sqft), (3 BHK Flat->1225 sqft), (3 BHK Flat->1391 sqft), (3 BHK Flat->1819 sqft), (3 BHK Flat->1978 sqft) ",,"lat=13.007085,longt=77.73972"
"
DSR Lotus Towers
",DSR Infrastructure Private Limited,"
in Whitefield
, Bangalore

 
","1452
sqft","₹
82.0 Lac","₹
5,647 per
sqft","
Description:


The Unit is on 2 level of the tower of total 14 & measures 1452 Sq-ft. Featuring 2 bedroom along with 2 bathrooms, this Unit is Unfurnished. Each tower offers 2 elevators. Wooden and Vitrified is used on floors. It is an  



",Under Construction,"
Possession in 2018
","
2 BHK
Apartment

",176 Units ,2 Towers ,"(2 BHK Flat->1143 sqft), (2 BHK Flat->1156 sqft), (2 BHK Flat->1192 sqft), (2 BHK Flat->1203 sqft), (2 BHK Flat->1452 sqft), (2 BHK Flat->1453 sqft), (3 BHK Flat->1582 sqft), (3 BHK Flat->1677 sqft), (3 BHK Flat->1759 sqft) ",,"lat=13.007085,longt=77.73972"
"
S2 Avantikaa
",S2 Housing,"
in Sarjapur Road
, Bangalore

 
","1178
sqft","₹
45.8 Lac","₹
3,885 per
sqft","
Description:


Privileged Club House Spacious planning with more open area High speed lifts for vertical transportation Water treatment plant Garbage Chute on each floor Hydro-pneumatic pumping system to ensure adequate pressure  



",Ready To Move,"
Possession in 2018
","
2 BHK
Apartment

",99 Units ,1 Towers ,"(2 BHK Flat->1178 sqft), (2 BHK Flat->1214 sqft), (2 BHK Flat->1247 sqft), (2 BHK Flat->1269 sqft), (3 BHK Flat->1445 sqft), (3 BHK Flat->1450 sqft) ",,"lat=13.007085,longt=77.73972"
"
Value Plus
",MV and Vajra Developers,"
in Kanakapura Road
, Bangalore

 
","1055
sqft","₹
52.2 Lac","₹
4950 per
sqft","
Description:


This Flat is built up in 1055 Sq-ft is on Third & First floor of 5 levels. A tower has 2 elevators for convienence. This fantastic Flat has modern amenities like Swimming Pool, Reserved Parking, Lift, Power Back Up and  



",Under Construction,"
Possession in 2018
","
2 BHK
Apartment

",149 Units ,3 Towers ,"(2 BHK Flat->1055 sqft), (2 BHK Flat->1060 sqft), (2 BHK Flat->1095 sqft), (2 BHK Flat->1100 sqft), (2 BHK Flat->1110 sqft), (2 BHK Flat->1130 sqft), (2 BHK Flat->1140 sqft), (2 BHK Flat->1145 sqft), (2 BHK Flat->1150 sqft), (2 BHK Flat->1165 sqft), (2 BHK Flat->1170 sqft), (2 BHK Flat->1220 sqft), (3 BHK Flat->1270 sqft), (3 BHK Flat->1280 sqft), (3 BHK Flat->1340 sqft), (3 BHK Flat->1370 sqft), (3 BHK Flat->1375 sqft), (3 BHK Flat->1410 sqft), (3 BHK Flat->1415 sqft), (3 BHK Flat->1425 sqft), (3 BHK Flat->1480 sqft), (3 BHK Flat->1515 sqft), (3 BHK Flat->1535 sqft), (3 BHK Flat->1630 sqft) ",,"lat=13.007085,longt=77.73972"
"
Mahaveer Promenade
",Mahaveer Group,"
in Whitefield
, Bangalore

 
","1274
sqft","₹
62.1 Lac","₹
4,876 per
sqft","
Description:


This is a Home in Mahaveer Promenade, Whitefield. This elegantly designed Home has state-of-the-art amenities like Swimming Pool, Reserved Parking, Lift, Power Back Up and Security. With 3 room and 3 well maintained  



",Under Construction,"
Possession in 2018
","
2 BHK
Apartment

",125 Units ,2 Towers ,"(2 BHK Flat->1169 sqft), (2 BHK Flat->1274 sqft) ",,"lat=13.007085,longt=77.73972"
"
Sruthika Springfields
",Sruthika Builders & Developers,"
in Vidyaranyapura
, Bangalore

 
","1008
sqft","₹
46.8 Lac","₹
4,643 per
sqft","
Description:


It is a well-designed Home built in Sruthika Springfields, Vidyaranyapura. 40 Lac is the expected price of Home. The well ventilated Home offers latest facilities such as like Swimming Pool, Private Terrace/Garden, Jogging  



",Under Construction,"
Possession in 2018
","
2 BHK
Apartment

",360 Units ,7 Towers ,"(2 BHK Flat->909 sqft), (2 BHK Flat->945 sqft), (2 BHK Flat->972 sqft), (2 BHK Flat->981 sqft), (2 BHK Flat->1008 sqft), (2 BHK Flat->1053 sqft), (2 BHK Flat->1089 sqft), (2 BHK Flat->1197 sqft), (2 BHK Flat->1215 sqft), (3 BHK Flat->1377 sqft), (3 BHK Flat->1620 sqft), (3 BHK Flat->1809 sqft) ",,"lat=13.007085,longt=77.73972"
"
Assetz Lifestyle 63 Degree East
",Assetz Lifestyle,"
in Sarjapur Road
, Bangalore

 
","691
sqft","₹
41.7 Lac","₹
6,033 per
sqft","
Description:


Assetz 63 Degree East is the brand new creation by the reputed real estate builder Assetz Lifestyle. The accomplished architectonics in this project is being done by using the latest technologies and hence, is considered to  



",Under Construction,"
Possession in 2018
","
1 BHK
Apartment

",1608 Units ,5 Towers ,"(1 BHK Flat->685 sqft), (1 BHK Flat->691 sqft), (2 BHK Flat->984 sqft), (3 BHK Flat->1157 sqft) ",,"lat=13.007085,longt=77.73972"
"
Hara Vijaya Heights
",Vijaya Enterprises,"
in Kanakapura Road
, Bangalore

 
","1220
sqft","₹
60.0 Lac","₹
4918 per
sqft","
Description:


65% open space, centre to all major schools, colleges, malls. 



",Ongoing,"
Possession in 2018
","
2 BHK
Apartment

",242 Units ,3 Towers ,"(2 BHK Flat->975 sqft), (2 BHK Flat->1100 sqft), (2 BHK Flat->1125 sqft), (2 BHK Flat->1180 sqft), (2 BHK Flat->1220 sqft), (3 BHK Flat->1525 sqft), (3 BHK Flat->1535 sqft), (3 BHK Flat->1610 sqft), (3 BHK Flat->1625 sqft), (3 BHK Flat->1630 sqft) ",,"lat=13.007085,longt=77.73972"
"
DSR White Waters
",DSR Infrastructure,"
in Sarjapur Road
, Bangalore

 
","1128
sqft","₹
50.1 Lac","₹
4,441 per
sqft","
Description:


Located on Carmelaram Road, Gunjur, off Sarjapur Road, DSR White Waters is just minutes away from Wipro corporate office. In the close vicinity are numerous IT parks, prestigious MNCs, respected educational institutions,  



",Under Construction,"
Possession in 2018
","
2 BHK
Apartment

",221 Units ,3 Towers ,"(2 BHK Flat->1061 sqft), (2 BHK Flat->1082 sqft), (2 BHK Flat->1091 sqft), (2 BHK Flat->1109 sqft), (2 BHK Flat->1111 sqft), (2 BHK Flat->1116 sqft), (2 BHK Flat->1128 sqft), (3 BHK Flat->1362 sqft), (3 BHK Flat->1410 sqft), (3 BHK Flat->1435 sqft), (3 BHK Flat->1496 sqft), (3 BHK Flat->1544 sqft), (3 BHK Flat->1589 sqft), (3 BHK Flat->1647 sqft) ",,"lat=13.007085,longt=77.73972"
"
SBR Horizon
",SBR Group,"
in Whitefield
, Bangalore

 
","747
sqft","₹
35.8 Lac","₹
4,794 per
sqft","
Description:


This spacious Apartment is on floor 5 of 9 and is built up in 747 Sq-ft. The well planned Apartment features contemporary facilities like Swimming Pool, Jogging and Strolling Track and Club House. There is space for car  



",Under Construction,"
Possession in 2018
","
1 BHK
Apartment

",180 Units ,5 Towers ,"(1 BHK Flat->747 sqft), (2 BHK Flat->910 sqft), (2 BHK Flat->1134 sqft), (2 BHK Flat->1197 sqft), (3 BHK Flat->1218 sqft), (3 BHK Flat->1230 sqft), (3 BHK Flat->1233 sqft), (3 BHK Flat->1632 sqft), (4 BHK Flat->1792 sqft) ",,"lat=13.007085,longt=77.73972"
"
Sowparnika Tharangini
",Sowparnika Projects & Infrastructure,"
in Sarjapur Road
, Bangalore

 
","946
sqft","₹
25.5 Lac","₹
2,696 per
sqft","
Description:


This Apartment has an area of 946 Sq-ft is on second floor of 3 levels. Granite is used on floors. There is space for car parking. With 2 room along with 2 bathrooms, the Apartment is Unfurnished. Each tower has 2 lifts.  



",Under Construction,"
Possession in 2018
","
2 BHK
Apartment

",160 Units ,2 Towers ,"(2 BHK Flat->868 sqft), (2 BHK Flat->946 sqft), (2 BHK Flat->952 sqft), (2 BHK Flat->974 sqft), (2 BHK Flat->1014 sqft), (3 BHK Flat->1249 sqft), (3 BHK Flat->1252 sqft), (3 BHK Flat->1322 sqft), (3 BHK Flat->1364 sqft) ",,"lat=13.007085,longt=77.73972"
"
Assetz Here and Now
",,"
in Manyata Tech Park
, Bangalore
","995
sqft","₹
67.0 Lac","₹
6,734 per
sqft","
Description:


Here and Now presented by Assetz Property Group is located at Thanisandra in Bangalore. 



",Under Construction,"
Possession in 2018
","
2 BHK
Apartment

",,,"(1 BHK Studio Apartment->440 sqft), (Studio Apartment->690 sqft), (1 BHK Flat->660 sqft), (1 BHK Flat->690 sqft), (2 BHK Flat->985 sqft), (2 BHK Flat->990 sqft), (2 BHK Flat->995 sqft), (3 BHK Flat->1385 sqft) ",,"lat=12.908906,longt=77.51243"
"
DS MAX Silver Wood
",DS MAX Properties Private Limited,"
in Bommasandra
, Bangalore

 
","1127
sqft","₹
28.1 Lac","₹
2,493 per
sqft","
Description:


It is a well-designed beautiful Flat in DS MAX Silver Wood, Bommasandra. The Flat is on level Ground of 3 and has an area of 1127 Sq-ft. Apart from great space, it offers latest facilities such as like Swimming Pool,  



",Ongoing,"
Possession in 2018
","
2 BHK
Apartment

",85 Units ,1 Towers ,"(2 BHK Flat->1050 sqft), (2 BHK Flat->1058 sqft), (2 BHK Flat->1127 sqft), (3 BHK Flat->1276 sqft), (3 BHK Flat->1745 sqft) ",,"lat=12.908906,longt=77.51243"
"
Pyramid Mahika
",Pyramid Builders And Developers,"
in Yelahanka
, Bangalore

 
","1484
sqft","₹
57.9 Lac","₹
3,902 per
sqft","
Description:


It is an airy & ventilated spacious Home in Pyramid Mahika, Yelahanka. Around 57. 9 Lac is the value for the Home. The well ventilated Home offers latest facilities such as like Swimming Pool, Reserved Parking, Power Back  



",Ongoing,"
Possession in 2018
","
3 BHK
Apartment

",212 Units ,4 Towers ,"(2 BHK Flat->935 sqft), (2 BHK Flat->972 sqft), (2 BHK Flat->990 sqft), (2 BHK Flat->994 sqft), (2 BHK Flat->1021 sqft), (2 BHK Flat->1036 sqft), (3 BHK Flat->1314 sqft), (3 BHK Flat->1348 sqft), (3 BHK Flat->1400 sqft), (3 BHK Flat->1484 sqft), (3 BHK Flat->1512 sqft), (3 BHK Flat->1657 sqft), (3 BHK Flat->1756 sqft) ",,"lat=12.908906,longt=77.51243"
"
RBD Stillwaters
",RBD Shelters,"
in Sarjapur Road
, Bangalore

 
","2045
sqft","₹
1.0 Cr","₹
4,890 per
sqft","
Description:


This is a well apppointed beautiful Unit situated in RBD Stillwaters, Sarjapur Road. With 3 room and 3 spacious bathrooms, the Unit is Unfurnished. 1 Cr is the value for this Unit. The Unit brings facilities like Power Back  



",Ongoing,"
Possession in 2018
","
3 BHK
Apartment

",288 Units ,3 Towers ,"(2 BHK Flat->1485 sqft), (3 BHK Flat->1690 sqft), (3 BHK Flat->1790 sqft), (3 BHK Flat->1850 sqft), (3 BHK Flat->1875 sqft), (3 BHK Flat->2045 sqft), (3 BHK Flat->2176 sqft), (4 BHK Villa->3248 sqft), (4 BHK Villa->4294 sqft), (4 BHK Villa->3345 sqft), (4 BHK Villa->2629 sqft), (4 BHK Villa->2352 sqft), (4 BHK Villa->3245 sqft), (4 BHK Villa->4387 sqft) ",,"lat=13.007085,longt=77.73972"
"
Sree Adithya Elite
",Sree Adithya Developers,"
in Seegehalli-K R Puram
, Bangalore

 
","1110
sqft","₹
43.8 Lac","₹
3,950 per
sqft","
Description:


2 BHK Flat This is a beautiful flat for sale in a very good location KR Puram, Bangalore. Spread in an area of 1016 sqft this flat is very near to all the important places like ITI Central School. This one is unfurnished  



",Under Construction,"
Possession in 2018
","
2 BHK
Apartment

",80 Units ,1 Towers ,"(2 BHK Flat->1016 sqft), (2 BHK Flat->1026 sqft), (2 BHK Flat->1041 sqft), (2 BHK Flat->1050 sqft), (2 BHK Flat->1055 sqft), (2 BHK Flat->1060 sqft), (2 BHK Flat->1064 sqft), (2 BHK Flat->1065 sqft), (2 BHK Flat->1066 sqft), (2 BHK Flat->1110 sqft), (3 BHK Flat->1280 sqft), (3 BHK Flat->1451 sqft) ",,"lat=13.007085,longt=77.73972"
"
Poetree
",ESSEM18,"
in Sarjapur Road
, Bangalore

 
","1636
sqft","₹
89.1 Lac","₹
5,446 per
sqft","
Description:


Presenting Poetree, another bespoke development by Essem18, a delectable lifestyle apartment complex. An impeccable complement of 5 stories of 158 exclusive units, with a selection of 2 and 3 bedroom apartments, spread over  



",Ready To Move,"
Possession in 2018
","
3 BHK
Apartment

",158 Units ,3 Towers ,"(3 BHK Flat->1477 sqft), (3 BHK Flat->1511 sqft), (3 BHK Flat->1624 sqft), (3 BHK Flat->1636 sqft) ",,"lat=12.908906,longt=77.51243"
"
GR Luxuria
",5 Elements Realty,"
in HSR Layout
, Bangalore

 
","1545
sqft","₹
1.15 Cr","₹
7,443 per
sqft","
Description:


It is an airy & ventilated Home in GR Luxuria, HSR Layout. This spacious Home has an area of 1545 Sq-ft is on floor 4 of 5 levels. Approx 1. 15 Cr is the expected price of Home. Each tower offers 1 lifts. With 3 room along  



",Under Construction,"
Possession in 2018
","
3 BHK
Apartment

",35 Units ,1 Towers ,"(2 BHK Flat->1250 sqft), (2 BHK Flat->1255 sqft), (2 BHK Flat->1320 sqft), (3 BHK Flat->1440 sqft), (3 BHK Flat->1545 sqft), (3 BHK Flat->1595 sqft), (3 BHK Flat->1695 sqft) ",,"lat=12.908906,longt=77.51243"
"
Janaadhar Shubha
",Janaadhar India Private Limited,"
in Attibele
, Bangalore

 
","656
sqft","₹
18.0 Lac","₹
2,744 per
sqft","
Description:


It is an airy & ventilated spacious Apartment situated in Janaadhar Shubha, Attibele. 16. 4 Lac is the cost for the Apartment. Offering 2 bedroom and 2 bathroom, the Apartment is Unfurnished. The Apartment brings facilities  



",Ongoing,"
Possession in 2018
","
2 BHK
Apartment

",1128 Units ,21 Towers ,(2 BHK Flat->656 sqft) ,,"lat=12.908906,longt=77.51243"
"
Sumo Sonnet
",Sumo Group,"
in Kudlu Gate
, Bangalore

 
","1300
sqft","₹
94.0 Lac","₹
7,228 per
sqft","
Description:


This is a beautiful Flat in Sumo Sonnet, Kudlu Gate. Featuring 3 bedroom along with 2 bathrooms, this Flat is Unfurnished. 72. 8 Lac is the price of the Flat. This elegantly designed Flat brings facilities like Swimming  



",Under Construction,"
Possession in 2018
","
3 BHK
Apartment

",172 Units ,3 Towers ,"(2 BHK Flat->940 sqft), (2 BHK Flat->945 sqft), (3 BHK Flat->1145 sqft), (3 BHK Flat->1205 sqft), (3 BHK Flat->1230 sqft), (3 BHK Flat->1300 sqft) ",,"lat=12.908906,longt=77.51243"
"
Ajantha Prime
",5 Elements Realty,"
in Electronic City
, Bangalore

 
","1275
sqft","₹
44.6 Lac","₹
3,498 per
sqft","
Description:


An abode being constructed with two towers of twelve floors each, with 2, 3 is designed to cater to needs of privacy, ambience, natural lighting and abundant ventilation, and comes with all modern amenities like multipurpose  



",Ready To Move,"
Possession in 2018
","
2 BHK
Apartment

",115 Units ,2 Towers ,"(2 BHK Flat->970 sqft), (2 BHK Flat->1000 sqft), (2 BHK Flat->1040 sqft), (2 BHK Flat->1050 sqft), (2 BHK Flat->1100 sqft), (2 BHK Flat->1120 sqft), (2 BHK Flat->1160 sqft), (2 BHK Flat->1175 sqft), (2 BHK Flat->1190 sqft), (2 BHK Flat->1220 sqft), (2 BHK Flat->1275 sqft), (2 BHK Flat->1300 sqft), (2 BHK Flat->1465 sqft), (2 BHK Flat->1525 sqft), (2 BHK Flat->1555 sqft), (2 BHK Flat->1615 sqft), (2 BHK Flat->1640 sqft), (2 BHK Flat->1645 sqft), (3 BHK Flat->1425 sqft), (3 BHK Flat->1615 sqft), (3 BHK Flat->1645 sqft) ",,"lat=12.908906,longt=77.51243"
"
Suraksha Landmark
",Sai Suraksha Properties,"
in Bannerghatta Road
, Bangalore

 
","1025
sqft","₹
53.7 Lac","₹
5,239 per
sqft","
Description:


It is an airy & ventilated Flat in Suraksha Landmark, Bannerghatta Road. With 2 room along with 2 bathrooms, this Flat is Unfurnished. Vitrified is used on floors. There is provision for car parking. This fantastic Flat  



",Ongoing,"
Possession in 2018
","
2 BHK
Apartment

",126 Units ,4 Towers ,"(2 BHK Flat->1025 sqft), (2 BHK Flat->1035 sqft), (2 BHK Flat->1040 sqft), (2 BHK Flat->1045 sqft), (2 BHK Flat->1050 sqft), (2 BHK Flat->1060 sqft), (2 BHK Flat->1180 sqft), (3 BHK Flat->1310 sqft), (3 BHK Flat->1315 sqft), (3 BHK Flat->1325 sqft), (3 BHK Flat->1345 sqft), (3 BHK Flat->1350 sqft), (3 BHK Flat->1370 sqft), (3 BHK Flat->1380 sqft), (3 BHK Flat->1385 sqft), (3 BHK Flat->1390 sqft), (3 BHK Flat->1395 sqft), (3 BHK Flat->1400 sqft), (3 BHK Flat->1430 sqft), (3 BHK Flat->1455 sqft), (3 BHK Flat->1460 sqft), (3 BHK Flat->1485 sqft), (3 BHK Flat->1490 sqft), (3 BHK Flat->1500 sqft), (3 BHK Flat->1510 sqft), (3 BHK Flat->1535 sqft), (3 BHK Flat->1550 sqft), (3 BHK Flat->1695 sqft), (3 BHK Flat->1710 sqft), (3 BHK Flat->1735 sqft), (3 BHK Flat->1760 sqft), (3 BHK Flat->1820 sqft) ",,"lat=12.908906,longt=77.51243"
"
Pyramid Bilberry
",Pyramid Homes Pvt Ltd.,"
in Thanisandra Main Road
, Bangalore

 
","981
sqft","₹
31.3 Lac","₹
3192 per
sqft","
Description:


Pyramid Bilberry is an upcoming project of Pyramid Builders with a prime location in Thanisandra, Bangalore. The project will offer thoughtfully designed apartments to ensure maximum comfort for residents. Furthermore, its  



",Under Construction,"
Possession in 2018
","
3 BHK
Apartment

",200 Units ,1 Towers ,"(2 BHK Flat->664 sqft), (2 BHK Flat->1183 sqft), (3 BHK Flat->981 sqft), (3 BHK Flat->1507 sqft) ",,"lat=12.908906,longt=77.51243"
"
Ecolife Elements Of Nature
",Ecolife Developers,"
in Varthur
, Bangalore

 
","1385
sqft","₹
63.0 Lac","₹
4,550 per
sqft","
Description:


This spacious Unit has an area of 1385 Sq-ft is on 4th floor of total 10 floors in building. Each tower has 1 elevators for convienence. Featuring 3 bedroom and 2 bathroom, the Unit is Semi-Furnished. This elegantly designed  



",Under Construction,"
Possession in 2018
","
2 BHK
Apartment

",299 Units ,1 Towers ,"(2 BHK Flat->1251 sqft), (2 BHK Flat->1260 sqft), (2 BHK Flat->1310 sqft), (2 BHK Flat->1320 sqft), (2 BHK Flat->1330 sqft), (2 BHK Flat->1385 sqft), (3 BHK Flat->1565 sqft), (3 BHK Flat->1595 sqft) ",,"lat=12.908906,longt=77.51243"
"
Platina Exotica
",Platina Venture,"
in Mysore Road
, Bangalore

 
","1333
sqft","₹
53.3 Lac","₹
3,998 per
sqft","
Description:


PLATINA EXOTICA A Luxury Resiential project in a prime location adjoing BDA layout at Kengeri. Kengeri has always been one the most preferred residential areas in the city of Bangalore. Beautifully laid out residential area  



",Under Construction,"
Possession in 2018
","
2 BHK
Apartment

",188 Units ,7 Towers ,"(2 BHK Flat->1084 sqft), (2 BHK Flat->1110 sqft), (2 BHK Flat->1111 sqft), (2 BHK Flat->1114 sqft), (2 BHK Flat->1136 sqft), (2 BHK Flat->1155 sqft), (2 BHK Flat->1168 sqft), (2 BHK Flat->1186 sqft), (2 BHK Flat->1214 sqft), (2 BHK Flat->1220 sqft), (2 BHK Flat->1263 sqft), (2 BHK Flat->1288 sqft), (2 BHK Flat->1302 sqft), (2 BHK Flat->1305 sqft), (2 BHK Flat->1327 sqft), (2 BHK Flat->1333 sqft), (2 BHK Flat->1360 sqft), (3 BHK Flat->1346 sqft), (3 BHK Flat->1348 sqft), (3 BHK Flat->1349 sqft), (3 BHK Flat->1445 sqft), (3 BHK Flat->1477 sqft), (3 BHK Flat->1478 sqft), (3 BHK Flat->1496 sqft), (3 BHK Flat->1497 sqft), (3 BHK Flat->1498 sqft), (3 BHK Flat->1513 sqft), (3 BHK Flat->1528 sqft), (3 BHK Flat->1661 sqft), (3 BHK Flat->1692 sqft) ",,"lat=12.908906,longt=77.51243"
"
Orchid Whitefield
",Goyal & Co Hariyana Group,"
in Whitefield
, Bangalore

 
","750
sqft","₹
52.7 Lac","₹
7,028 per
sqft","
Description:


It is a well-designed Apartment located in Orchid Whitefield, Whitefield. Apart from great space, it has state-of-the-art amenities like Swimming Pool, Club House and Internet/Wi-Fi Connectivity. Featuring 2 bedroom and 2  



",Ongoing,"
Ongoing
","
2 BHK
Apartment

",492 Units ,5 Towers ,"(2 BHK Flat->750 sqft), (2 BHK Flat->1123 sqft), (2 BHK Flat->1173 sqft), (2 BHK Flat->1350 sqft), (3 BHK Flat->1520 sqft), (3 BHK Flat->1544 sqft), (3 BHK Flat->1564 sqft), (3 BHK Flat->1610 sqft) ",,"lat=12.911755,longt=77.6684"
"
SMR Vinay Estella
",SMR Holdings,"
in Yelahanka
, Bangalore

 
","1460
sqft","₹
52.6 Lac","₹
3,600 per
sqft","
Description:


We understand the value of your hard-earned money. We know the hard work you put in to fulfill your familys dreams. We realize how difficult it is to give up your familiar surroundings and venture into a whole new territory.  



",Under Construction,"
Possession in 2018
","
2 BHK
Apartment

",315 Units ,3 Towers ,"(2 BHK Flat->1230 sqft), (2 BHK Flat->1240 sqft), (2 BHK Flat->1245 sqft), (2 BHK Flat->1285 sqft), (2 BHK Flat->1310 sqft), (2 BHK Flat->1460 sqft), (3 BHK Flat->1615 sqft), (3 BHK Flat->1645 sqft), (3 BHK Flat->1750 sqft), (3 BHK Flat->1795 sqft), (3 BHK Flat->1935 sqft), (3 BHK Flat->2010 sqft) ",,"lat=12.908906,longt=77.51243"
"
Vijaya Nisarga
",Vijaya Enterprises,"
in Kanakapura Road
, Bangalore

 
","490
sqft","₹
21.4 Lac","₹
4,367 per
sqft","
Description:


It is a 1 bedroom apartment in Vijaya Nisarga, Kanakapura Road. Overlooking the mainroad this Unit has modern facilities like Swimming Pool, Reserved Parking, Lift, Power Back Up and Security and more. The Unit consists of  



",Ongoing,"
Possession in 2018
","
1 BHK
Apartment

",64 Units ,1 Towers ,"(1 BHK Flat->425 sqft), (1 BHK Flat->460 sqft), (1 BHK Flat->490 sqft), (1 BHK Flat->540 sqft), (2 BHK Flat->1175 sqft), (2 BHK Flat->1205 sqft), (2 BHK Flat->1215 sqft), (2 BHK Flat->1280 sqft), (3 BHK Flat->1300 sqft), (3 BHK Flat->1410 sqft), (3 BHK Flat->1530 sqft), (3 BHK Flat->1655 sqft) ",,"lat=12.908906,longt=77.51243"
"
Druva Daffodils
",Greenaly Shelters,"
in Varthur
, Bangalore

 
","1100
sqft","₹
31.9 Lac","₹
2,900 per
sqft","
Description:


Druva Daffodils ??Druva Daffodils?? a BBMP approved 2 & 3 BHK residential apartment is located in varthur main road , Gunjur of whitefield. The apartment has close proximity to many well known amenities / services like IT  



",Ready To Move,"
Possession in 2018
","
2 BHK
Apartment

",80 Units ,2 Towers ,"(2 BHK Flat->950 sqft), (2 BHK Flat->1050 sqft), (2 BHK Flat->1100 sqft), (2 BHK Flat->1140 sqft), (2 BHK Flat->1215 sqft), (3 BHK Flat->1150 sqft), (3 BHK Flat->1320 sqft), (3 BHK Flat->1335 sqft), (3 BHK Flat->1350 sqft), (3 BHK Flat->1515 sqft) ",,"lat=12.908906,longt=77.51243"
"
Meda Greens 
",Meda Group,"
in Mysore Road
, Bangalore

 
","1190
sqft","₹
56.1 Lac","₹
4710 per
sqft","
Description:


Meda Greens has 2&3 BHK Luxury Apartments located on Mysore Highway, Bangalore Near R.V College of Engg. Each apartment in Meda Greens has individually designed to ensure maximum ventilation, comfort and optimally sized to  



",Under Construction,"
Possession in 2018
","
2 BHK
Apartment

",262 Units ,3 Towers ,"(2 BHK Flat->1190 sqft), (2 BHK Flat->1220 sqft), (2 BHK Flat->1225 sqft), (2 BHK Flat->1288 sqft), (2 BHK Flat->1332 sqft), (2 BHK Flat->1388 sqft), (3 BHK Flat->1417 sqft), (3 BHK Flat->1440 sqft), (3 BHK Flat->1650 sqft), (3 BHK Flat->1702 sqft), (3 BHK Flat->1718 sqft), (3 BHK Flat->1735 sqft) ",,"lat=12.908906,longt=77.51243"
"
DS Max Savera
",DS MAX Properties,"
in Uttarahalli
, Bangalore

 
","1098
sqft","₹
43.9 Lac","₹
3,998 per
sqft","
Description:


It is an airy & ventilated beautiful Unit in DS Max Savera, Uttarahalli. Offering 2 bedroom and 1 bathroom, the Unit is Unfurnished. Apart from great space, it has modern amenities like Swimming Pool, Reserved Parking, Power  



",Under Construction,"
Possession in 2018
","
2 BHK
Apartment

",86 Units ,1 Towers ,"(2 BHK Flat->1065 sqft), (2 BHK Flat->1068 sqft), (2 BHK Flat->1098 sqft), (2 BHK Flat->1255 sqft), (3 BHK Flat->1845 sqft), (3 BHK Flat->1881 sqft) ",,"lat=12.908906,longt=77.51243"
"
DS Max Stonescape
",DS Max Properties,"
in AnjanaPura
, Bangalore

 
","1076
sqft","₹
30.1 Lac","₹
2,797 per
sqft","
Description:


The Home is on floor Ground of 3 and is built up in 1076 Sq-ft. The well planned Home has modern amenities like Swimming Pool, Lift, Power Back Up, Security and Gym. There is ample space for car parking. Offering 2 bedroom  



",Under Construction,"
Ongoing
","
2 BHK
Apartment

",141 Units ,1 Towers ,"(2 BHK Flat->830 sqft), (2 BHK Flat->1076 sqft), (3 BHK Flat->1228 sqft), (3 BHK Flat->1347 sqft), (3 BHK Flat->1456 sqft) ",,"lat=12.911755,longt=77.6684"
"
TG Ascent
",TG Developers,"
in Hosa Road
, Bangalore

 
","1578
sqft","₹
67.0 Lac","₹
4,246 per
sqft","
Description:


An abode with privileged amenities and proximity to IT Parks, hospitals and schools, T.G.Ascent is a rare opportunity for uncompromised living. Relax in lush gardens, Sprint on the jogging track, get fit in the gym, take a  



",Under Construction,"
Ongoing
","
3 BHK
Apartment

",336 Units ,4 Towers ,"(2 BHK Flat->1107 sqft), (2 BHK Flat->1108 sqft), (2 BHK Flat->1145 sqft), (2 BHK Flat->1229 sqft), (2 BHK Flat->1240 sqft), (3 BHK Flat->1359 sqft), (3 BHK Flat->1380 sqft), (3 BHK Flat->1440 sqft), (3 BHK Flat->1462 sqft), (3 BHK Flat->1578 sqft) ",,"lat=12.911755,longt=77.6684"
"
Mahaveer Palatium
",Mahaveer Group,"
in Electronic City
, Bangalore

 
","1200
sqft","₹
16.8 Lac","₹
1,400 per
sqft","
Description:


Residential plot is available for sale in Mahaveer Palatium. It is well maintained roads and beautiful landscape gardens. 



",Under Construction,"
Ongoing
","
Plot

",1230 Units ,,"(Residential Plot->1200 sqft), (Residential Plot->1500 sqft), (Residential Plot->2400 sqft) ",,"lat=12.911755,longt=77.6684"
"
Assetz Marq
",Assetz Property Group,"
in Whitefield
, Bangalore

 
","1496
sqft","₹
77.0 Lac","₹
5,147 per
sqft","
Description:


Assetz Marq This project is located at White Field Nearby Prominent Landmarks Near to Sai Baba Ashrama Extent of Land Area 28 Acres Development Type Residential G+8,12,13 floors  



",Ongoing,"
Ongoing
","
3 BHK
Apartment

",469 Units ,4 Towers ,"(2 BHK Flat->1277 sqft), (3 BHK Flat->1496 sqft) ",,"lat=12.911755,longt=77.6684"
"
Mahaveer Zephyr
",Mahaveer Group,"
in Bannerghatta Road
, Bangalore

 
","1071
sqft","₹
53.5 Lac","₹
4150 per
sqft","
Description:


Apartments that have enough space to just lie down and gaze with unabashed admiration at the twinkling stars on the azure skys 



",Ongoing,"
Ongoing
","
2 BHK
Apartment

",310 Units ,5 Towers ,"(2 BHK Flat->1031 sqft), (2 BHK Flat->1040 sqft), (2 BHK Flat->1044 sqft), (2 BHK Flat->1071 sqft), (2 BHK Flat->1075 sqft), (2 BHK Flat->1085 sqft), (2 BHK Flat->1106 sqft), (2 BHK Flat->1111 sqft), (2 BHK Flat->1116 sqft), (2 BHK Flat->1120 sqft), (2 BHK Flat->1134 sqft), (2 BHK Flat->1163 sqft), (2 BHK Flat->1187 sqft), (2 BHK Flat->1196 sqft), (2 BHK Flat->1211 sqft), (2 BHK Flat->1263 sqft), (3 BHK Flat->1356 sqft), (3 BHK Flat->1406 sqft), (3 BHK Flat->1410 sqft), (3 BHK Flat->1417 sqft), (3 BHK Flat->1419 sqft), (3 BHK Flat->1428 sqft), (3 BHK Flat->1438 sqft), (3 BHK Flat->1448 sqft), (3 BHK Flat->1456 sqft), (3 BHK Flat->1462 sqft), (3 BHK Flat->1505 sqft), (3 BHK Flat->1505 sqft) ",,"lat=12.911755,longt=77.6684"
"
Mahaveer Celesse
",Mahaveer Reddy Structures Pvt. Ltd.,"
in Bellary Road
, Bangalore

 
","1175
sqft","₹
66.0 Lac","₹
5612 per
sqft","
Description:


Mahaveer Celesse is a premium property that has been architected and designed for those seeking to invest in the beautiful vistas close to Hebbal, with a wide mlange of world class facilities just a short drive away. Come  



",Under Construction,"
Ongoing
","
2 BHK
Apartment

",545 Units ,8 Towers ,"(2 BHK Flat->1171 sqft), (2 BHK Flat->1175 sqft), (3 BHK Flat->1365 sqft), (3 BHK Flat->1562 sqft) ",,"lat=12.911755,longt=77.6684"
"
GR Shrushti
",GR Constructions,"
in Sarjapur Road
, Bangalore

 
","1115
sqft","₹
42.1 Lac","₹
3777 per
sqft","
Description:


Smallest wishes to bigger ones, collectively, reflect the inner desire to lead a lifestyle immersed in the lap of Mother Nature with a liberal sprinkling of urban comforts A cozy combo that can be identified with SANKALPA.  



",Ongoing,"
Ongoing
","
2 BHK
Apartment

",80 Units ,2 Towers ,"(1 BHK Flat->760 sqft), (1 BHK Flat->825 sqft), (2 BHK Flat->1015 sqft), (2 BHK Flat->1035 sqft), (2 BHK Flat->1040 sqft), (2 BHK Flat->1045 sqft), (2 BHK Flat->1115 sqft), (2 BHK Flat->1220 sqft), (3 BHK Flat->1210 sqft), (3 BHK Flat->1240 sqft) ",,"lat=12.911755,longt=77.6684"
"
DSR Waterscape
",DSR Infrastructure Private Limited,"
in Horamavu
, Bangalore

 
","1222
sqft","₹
64.8 Lac","₹
5,299 per
sqft","
Description:


DSR Waterscape offers seamless amusements options and infinite experiences that will make every day of your life exciting. And the sole inspiration behind them is you. The Wi-fi enabled ultra-modern Clubhouse features a  



",Under Construction,"
Ongoing
","
2 BHK
Apartment

",334 Units ,5 Towers ,"(2 BHK Flat->1179 sqft), (2 BHK Flat->1181 sqft), (2 BHK Flat->1190 sqft), (2 BHK Flat->1191 sqft), (2 BHK Flat->1222 sqft), (2 BHK Flat->1242 sqft), (2 BHK Flat->1251 sqft), (2 BHK Flat->1255 sqft), (3 BHK Flat->1523 sqft), (3 BHK Flat->1532 sqft), (3 BHK Flat->1680 sqft), (3 BHK Flat->1692 sqft), (3 BHK Flat->1730 sqft), (3 BHK Flat->1752 sqft), (3 BHK Flat->1760 sqft) ",,"lat=12.911755,longt=77.6684"
"
Sterling Pointe
",Sterling Developers Pvt Ltd.,"
in Hebbal
, Bangalore

 
","1795
sqft","₹
1.22 Cr","₹
6,835 per
sqft","
Description:


The property is very closely connected to BIAL, Mayanta Techpark and key hospitals. It is a 3BHK with 2 bathrooms and 2 balconies  



",Under Construction,"
Ongoing
","
3 BHK
Apartment

",32 Units ,2 Towers ,"(3 BHK Flat->1640 sqft), (3 BHK Flat->1795 sqft), (3 BHK Flat->1800 sqft), (3 BHK Flat->1805 sqft) ","RERA ID: PR/KN/170728/000148
","lat=12.911755,longt=77.6684"
"
Mirabilis
",Kolte Patil Developers,"
in Horamavu
, Bangalore

 
","1270
sqft","₹
61.9 Lac","₹
4,872 per
sqft","
Description:


Mirabilis : Offers you exclusively designed 1,2,2.5 &3 and 4 bedroom luxury apartments with futuristic lifestyle, embellished with the best of amenities for you and your family. It throws open the gates to an exclusive  



",Under Construction,"
Ongoing
","
2 BHK
Apartment

",640 Units ,7 Towers ,"(1 BHK Flat->436 sqft), (1 BHK Flat->459 sqft), (1 BHK Flat->500 sqft), (1 BHK Flat->526 sqft), (1 BHK Flat->639 sqft), (2 BHK Flat->1005 sqft), (2 BHK Flat->1114 sqft), (2 BHK Flat->1119 sqft), (2 BHK Flat->1133 sqft), (2 BHK Flat->1162 sqft), (2 BHK Flat->1270 sqft), (2 BHK Flat->1454 sqft), (3 BHK Flat->1504 sqft), (3 BHK Flat->1600 sqft), (4 BHK Flat->2282 sqft), (4 BHK Flat->2299 sqft) ",,"lat=12.911755,longt=77.6684"
"
Monarch Aqua
",Monarch Properties,"
in K R Puram
, Bangalore

 
","1291
sqft","₹
68.4 Lac","₹
5,298 per
sqft","
Description:


Monarch Aqua is an illustration of the modern day concept of luxury. With the numerous facilities and features that Monarch Aqua has to offer, it will soon become a landmark destination for Bangalore. A residential and  



",Under Construction,"
Ongoing
","
2 BHK
Apartment

",483 Units ,3 Towers ,"(2 BHK Flat->1103 sqft), (2 BHK Flat->1110 sqft), (2 BHK Flat->1110 sqft), (2 BHK Flat->1115 sqft), (2 BHK Flat->1192 sqft), (2 BHK Flat->1196 sqft), (2 BHK Flat->1206 sqft), (2 BHK Flat->1215 sqft), (2 BHK Flat->1217 sqft), (2 BHK Flat->1241 sqft), (2 BHK Flat->1250 sqft), (2 BHK Flat->1259 sqft), (2 BHK Flat->1261 sqft), (2 BHK Flat->1262 sqft), (2 BHK Flat->1280 sqft), (2 BHK Flat->1281 sqft), (2 BHK Flat->1281 sqft), (2 BHK Flat->1282 sqft), (2 BHK Flat->1291 sqft), (2 BHK Flat->1347 sqft), (2 BHK Flat->1588 sqft), (2 BHK Flat->1606 sqft), (3 BHK Flat->1363 sqft), (3 BHK Flat->1363 sqft), (3 BHK Flat->1364 sqft), (3 BHK Flat->1365 sqft), (3 BHK Flat->1572 sqft), (3 BHK Flat->1579 sqft), (3 BHK Flat->1581 sqft), (3 BHK Flat->1583 sqft), (3 BHK Flat->1583 sqft), (3 BHK Flat->1588 sqft), (3 BHK Flat->1589 sqft), (3 BHK Flat->1590 sqft), (3 BHK Flat->1604 sqft), (3 BHK Flat->1606 sqft), (3 BHK Flat->1697 sqft), (3 BHK Flat->1716 sqft), (3 BHK Flat->1719 sqft), (3 BHK Flat->2094 sqft), (3 BHK Flat->2127 sqft), (3 BHK Flat->2130 sqft), (3 BHK Flat->2204 sqft), (3 BHK Flat->2273 sqft), (4 BHK Flat->2130 sqft), (4 BHK Flat->2211 sqft), (4 BHK Flat->2362 sqft), (4 BHK Flat->2367 sqft), (4 BHK Flat->2400 sqft) ",,"lat=12.911755,longt=77.6684"
"
GR Regent Park
",GR GROUP,"
in Bannerghatta Road
, Bangalore

 
","1660
sqft","₹
74.7 Lac","₹
4500 per
sqft","
Description:


Two glorious decades and we've built more than just homes. What we've also built is a reputation for ourselves - a reputation of being reliable, precise, responsible and secure. With the same intent of building trust in your  



",Ongoing,"
Ready To Move
","
3 BHK
Apartment

",204 Units ,4 Towers ,"(2 BHK Flat->946 sqft), (2 BHK Flat->1150 sqft), (2 BHK Flat->1280 sqft), (2 BHK Flat->1330 sqft), (3 BHK Flat->1640 sqft), (3 BHK Flat->1660 sqft), (3 BHK Flat->2140 sqft), (3 BHK Flat->2160 sqft), (3 BHK Flat->2290 sqft), (3 BHK Flat->2350 sqft) ",,"lat=12.817233,longt=77.79295"
"
SSB Royale
",Sree Sai Balaji Developers,"
in Hosa Road
, Bangalore

 
","1097
sqft","₹
42.7 Lac","₹
3889 per
sqft","
Description:


SSB ROYALE"" is the BBMP approved A katha, CC 



",Ongoing,"
Ongoing
","
2 BHK
Apartment

",96 Units ,2 Towers ,"(2 BHK Flat->1016 sqft), (2 BHK Flat->1025 sqft), (2 BHK Flat->1052 sqft), (2 BHK Flat->1062 sqft), (2 BHK Flat->1064 sqft), (2 BHK Flat->1083 sqft), (2 BHK Flat->1096 sqft), (2 BHK Flat->1097 sqft), (2 BHK Flat->1101 sqft), (2 BHK Flat->1104 sqft), (2 BHK Flat->1105 sqft), (2 BHK Flat->1116 sqft), (2 BHK Flat->1120 sqft), (2 BHK Flat->1130 sqft), (2 BHK Flat->1132 sqft), (2 BHK Flat->1152 sqft), (2 BHK Flat->1154 sqft), (2 BHK Flat->1156 sqft), (2 BHK Flat->1181 sqft), (2 BHK Flat->1185 sqft), (2 BHK Flat->1222 sqft), (2 BHK Flat->1226 sqft), (3 BHK Flat->1260 sqft) ",,"lat=12.911755,longt=77.6684"
"
HM Indigo
",HM Constructions,"
in JP Nagar 9th Phase
, Bangalore

 
","1265
sqft","₹
67.9 Lac","₹
5,368 per
sqft","
Description:


The apartment is Off Kanakapura Road,Konankunte Cross, J.P Nagar 9th Phase, Raghavanapalya, Bangalore. It has proximity to major destinations of the city. The house has centralized home automation system for you to live  



",Ongoing,"
Ongoing
","
2 BHK
Apartment

",103 Units ,1 Towers ,"(2 BHK Flat->1164 sqft), (2 BHK Flat->1265 sqft), (2 BHK Flat->1323 sqft), (2 BHK Flat->1331 sqft), (2 BHK Flat->1377 sqft), (2 BHK Flat->1466 sqft), (3 BHK Flat->1559 sqft), (3 BHK Flat->1569 sqft), (3 BHK Flat->1595 sqft), (3 BHK Flat->1624 sqft), (3 BHK Flat->1660 sqft), (3 BHK Flat->1704 sqft), (3 BHK Flat->1719 sqft), (3 BHK Flat->1758 sqft), (3 BHK Flat->1770 sqft), (3 BHK Flat->1780 sqft), (3 BHK Flat->1814 sqft), (3 BHK Flat->1846 sqft) ",,"lat=12.911755,longt=77.6684"
"
Sowparnika Sanvi Phase 2
",Sowparnika Properties Pvt Ltd,"
in Whitefield
, Bangalore

 
","1191
sqft","₹
47.6 Lac","₹
3,999 per
sqft","
Description:


A perfect combination of peaceful living with some of the most modern facilities. Sanvi Phase II homes offers a breathtaking lifestyle to all its residents. Create your own evergreen memorable moments at Sanvi Phase II  



",Ongoing,"
Ongoing
","
2 BHK
Apartment

",220 Units ,4 Towers ,"(2 BHK Flat->1160 sqft), (2 BHK Flat->1191 sqft), (2 BHK Flat->1226 sqft), (2 BHK Flat->1256 sqft), (3 BHK Flat->1362 sqft), (3 BHK Flat->1461 sqft), (3 BHK Flat->1472 sqft), (3 BHK Flat->1485 sqft), (3 BHK Flat->1571 sqft) ",,"lat=12.911755,longt=77.6684"
"
TG Lake Vista
",TG Developers,"
in Begur Road
, Bangalore

 
","1230
sqft","₹
52.1 Lac","₹
4,236 per
sqft","
Description:


It is a well-designed spacious Unit in TG Lake Vista, Begur Road. 52. 1 Lac is the expected price for this Unit. The well ventilated Unit has state-of-the-art amenities like Swimming Pool, Power Back Up, Security, Gym and  



",Ready To Move,"
Ready To Move
","
2 BHK
Apartment

",128 Units ,3 Towers ,"(2 BHK Flat->1097 sqft), (2 BHK Flat->1126 sqft), (2 BHK Flat->1150 sqft), (2 BHK Flat->1167 sqft), (2 BHK Flat->1185 sqft), (2 BHK Flat->1187 sqft), (2 BHK Flat->1208 sqft), (2 BHK Flat->1209 sqft), (2 BHK Flat->1227 sqft), (2 BHK Flat->1230 sqft), (3 BHK Flat->1625 sqft) ",,"lat=12.817233,longt=77.79295"
"
DS Max Sky Classic
",DS MAX Properties Private Limited,"
in Electronics City Phase 1
, Bangalore

 
","933
sqft","₹
25.1 Lac","₹
2,690 per
sqft","
Description:


It is an airy & ventilated beautiful Flat built in DS Max Sky Classic, Electronics City Phase 1. 25. 1 Lac is what the price expected for the Flat. This elegantly designed Flat has modern amenities like Reserved Parking,  



",Ongoing,"
Ready To Move
","
2 BHK
Apartment

",231 Units ,1 Towers ,"(2 BHK Flat->933 sqft), (2 BHK Flat->951 sqft), (2 BHK Flat->1007 sqft), (3 BHK Flat->1203 sqft) ",,"lat=12.817233,longt=77.79295"
"
DS MAX Skyscape
",DS MAX Properties Private Limited,"
in Horamavu
, Bangalore

 
","1866
sqft","₹
61.6 Lac","₹
3,300 per
sqft","
Description:


3 BHK flats located in horamavu BBMP office near SSR college Rampura, Under construction project, completion in with in 8 months, The current project status tiles work started 



",Ongoing,"
Ready To Move
","
3 BHK
Apartment

",65 Units ,1 Towers ,"(3 BHK Flat->1866 sqft), (3 BHK Flat->2235 sqft) ",,"lat=12.817233,longt=77.79295"
"
Mahaveer Ranches
",Mahaveer Group,"
in Hosa Road
, Bangalore

 
","1518
sqft","₹
91.0 Lac","₹
5,992 per
sqft","
Description:


It is a well-designed spacious Unit situated in Mahaveer Ranches, Hosa Road. Apart from great space, it offers latest facilities such as like Food Court and Banquet Hall. With 3 room and 3 bathroom, the Unit is Unfurnished.  



",Under Construction,"
Ready To Move
","
3 BHK
Apartment

",513 Units ,10 Towers ,"(2 BHK Flat->1161 sqft), (3 BHK Flat->1364 sqft), (3 BHK Flat->1518 sqft) ",,"lat=12.817233,longt=77.79295"
"
DS MAX Skylishcious
",DS MAX Properties Private Limited,"
in Sarjapur Road
, Bangalore

 
","805
sqft","₹
22.5 Lac","₹
2,795 per
sqft","
Description:


This is a spacious Apartment built in DS MAX Skylishcious, Sarjapur Road. This Apartment has an area of 805 Sq-ft on floor Ground of 3 storey building. Apart from great space, it has modern amenities like Swimming Pool,  



",Ongoing,"
Ready To Move
","
2 BHK
Apartment

",260 Units ,7 Towers ,"(1 BHK Flat->633 sqft), (2 BHK Flat->805 sqft), (2 BHK Flat->940 sqft), (3 BHK Flat->1174 sqft), (3 BHK Flat->1367 sqft), (3 BHK Flat->1388 sqft), (3 BHK Flat->1486 sqft) ",,"lat=12.817233,longt=77.79295"
